,1000 bbl/d,1980,1981,1982,1983,1984,1985,1986,1987,1988,1989,1990,1991,1992,1993,1994,1995,1996,1997,1998,1999,2000,2001,2002,2003,2004,2005,2006,2007,2008,2009,2010,2011,2012,2013,2014,2015,2016,2017
Oil and Lease Condensate,Region,,,,,,,,,,,,,,,,,,,,,,,,,,,,,,,,,,,,,,
Afghanistan,APAC,0.000,0.000,0.000,0.000,0.000,0.000,0.000,0.000,0.000,0.000,0.000,0.000,0.000,0.000,0.000,0.000,0.000,0.000,0.000,0.000,0.000,0.000,0.000,0.000,0.000,0.000,0.000,0.000,0.000,0.000,0.000,0.000,0.000,0.000,0.000,0.000,0.000,0.000
Albania,EUR,44.000,44.000,64.000,75.000,55.000,55.000,55.000,54.000,44.000,47.000,30.000,19.000,11.000,11.000,11.000,10.000,9.500,9.200,6.300,5.600,5.656,5.952,6.361,6.717,6.693,7.000,7.742,6.419,6.000,5.329,10.844,15.515,16.836,17.008,20.507,20.162,22.749,21.000
Algeria,AFR,1106.000,1002.000,987.000,961.000,1014.000,1036.000,1072.000,1071.000,1045.000,1106.000,1180.000,1170.000,1202.000,1167.000,1155.000,1162.000,1227.000,1259.000,1226.000,1177.000,1213.907,1265.000,1349.000,1516.041,1581.776,1692.315,1699.068,1708.397,1705.000,1584.877,1540.000,1540.000,1532.243,1461.781,1420.000,1429.000,1348.361,1305.633
American Samoa,APAC,0.000,0.000,0.000,0.000,0.000,0.000,0.000,0.000,0.000,0.000,0.000,0.000,0.000,0.000,0.000,0.000,0.000,0.000,0.000,0.000,0.000,0.000,0.000,0.000,0.000,0.000,0.000,0.000,0.000,0.000,0.000,0.000,0.000,0.000,0.000,0.000,0.000,0.000
Angola,AFR,150.000,130.000,122.000,177.000,208.000,231.000,282.000,360.000,452.000,455.000,475.000,500.000,526.000,509.000,536.000,646.000,709.000,714.000,735.000,745.000,746.404,742.384,896.370,902.548,1051.721,1239.126,1398.014,1723.524,1950.695,1876.808,1908.521,1755.616,1787.049,1802.658,1741.616,1801.863,1769.615,1665.745
Antarctica,SLM,0.000,0.000,0.000,0.000,0.000,0.000,0.000,0.000,0.000,0.000,0.000,0.000,0.000,0.000,0.000,0.000,0.000,0.000,0.000,0.000,0.000,0.000,0.000,0.000,0.000,0.000,0.000,0.000,0.000,0.000,0.000,0.000,0.000,0.000,0.000,0.000,0.000,0.000
Antigua and Barbuda,SLM,0.000,0.000,0.000,0.000,0.000,0.000,0.000,0.000,0.000,0.000,0.000,0.000,0.000,0.000,0.000,0.000,0.000,0.000,0.000,0.000,0.000,0.000,0.000,0.000,0.000,0.000,0.000,0.000,0.000,0.000,0.000,0.000,0.000,0.000,0.000,0.000,0.000,0.000
Argentina,SLM,491.000,496.000,491.000,491.000,478.000,460.000,434.000,428.000,449.000,460.000,483.000,485.000,553.000,594.000,650.000,715.000,756.000,834.000,847.000,802.000,761.142,802.400,799.147,783.107,732.661,703.650,696.452,678.776,661.215,651.181,626.056,581.433,551.120,539.849,532.160,532.239,510.560,479.444
Armenia,FSU,NA,NA,NA,NA,NA,NA,NA,NA,NA,NA,NA,NA,0.000,0.000,0.000,0.000,0.000,0.000,0.000,0.000,0.000,0.000,0.000,0.000,0.000,0.000,0.000,0.000,0.000,0.000,0.000,0.000,0.000,0.000,0.000,0.000,0.000,0.000
Aruba,SLM,NA,NA,NA,NA,NA,NA,0.000,0.000,0.000,0.000,0.000,0.000,0.000,0.000,0.000,0.000,0.000,0.000,0.000,0.000,0.000,0.000,0.000,0.000,0.000,0.000,0.000,0.000,0.000,0.000,0.000,0.000,0.000,0.000,0.000,0.000,0.000,0.000
Australia,APAC,380.000,394.000,370.000,416.000,492.000,575.000,520.000,547.000,538.000,490.000,575.000,545.000,535.000,503.000,536.000,562.000,570.000,588.000,544.000,539.000,721.566,657.000,625.967,512.164,435.962,456.115,437.318,448.570,459.301,463.682,478.575,411.332,405.380,334.581,353.356,322.326,289.749,263.036
Austria,EUR,28.000,25.000,26.000,25.000,23.000,22.000,22.000,21.000,23.000,23.000,22.000,26.000,23.000,22.000,21.000,23.000,21.000,19.000,21.000,18.000,19.000,18.668,18.581,17.915,18.079,16.816,16.753,16.748,16.082,16.318,16.745,17.660,16.915,16.159,17.170,16.496,15.161,14.258
Azerbaijan,FSU,NA,NA,NA,NA,NA,NA,NA,NA,NA,NA,NA,NA,213.000,200.000,184.000,175.000,176.000,173.000,230.000,276.000,280.044,301.167,310.258,320.055,311.426,432.773,639.521,842.077,869.563,1005.847,1034.627,982.995,921.749,870.595,846.759,848.474,833.538,789.337
Bahamas_ The,SLM,0.000,0.000,0.000,0.000,0.000,0.000,0.000,0.000,0.000,0.000,0.000,0.000,0.000,0.000,0.000,0.000,0.000,0.000,0.000,0.000,0.000,0.000,0.000,0.000,0.000,0.000,0.000,0.000,0.000,0.000,0.000,0.000,0.000,0.000,0.000,0.000,0.000,0.000
Bahrain,MEA,48.000,46.000,44.000,42.000,41.000,42.000,44.000,42.000,43.000,43.000,42.000,38.000,37.000,41.000,41.000,41.000,35.000,40.000,38.000,37.000,38.000,37.000,36.800,37.632,37.000,35.000,35.000,35.000,35.000,35.000,35.000,35.000,41.000,48.000,49.504,51.000,49.000,45.000
Bangladesh,APAC,0.000,0.000,0.000,0.200,0.400,0.500,0.500,0.500,0.600,0.500,0.800,0.700,0.900,1.000,1.400,1.100,1.400,1.600,1.500,1.400,2.500,3.381,6.000,6.000,6.000,6.000,6.000,6.000,5.667,5.000,5.000,5.000,4.667,4.000,4.000,4.000,4.000,3.666
Barbados,SLM,0.000,0.000,1.000,1.000,2.000,2.000,2.000,1.400,1.300,1.100,1.200,1.200,1.400,1.300,1.200,1.300,1.000,0.900,1.600,1.900,1.530,1.271,1.000,1.000,1.000,1.000,1.033,1.108,1.100,0.765,1.000,1.000,1.000,1.000,1.000,1.000,1.000,1.000
Belarus,FSU,NA,NA,NA,NA,NA,NA,NA,NA,NA,NA,NA,NA,40.000,40.000,40.000,38.000,36.000,36.000,36.000,37.000,37.000,37.000,36.507,36.400,36.333,35.000,35.000,35.000,35.000,33.000,30.000,30.000,30.000,30.000,30.000,26.085,32.667,32.000
Belgium,EUR,0.000,0.000,0.000,0.000,0.000,0.000,0.000,0.000,0.000,0.000,0.000,0.000,0.000,0.000,0.000,0.000,0.000,0.000,0.000,0.000,0.000,0.000,0.000,0.000,0.000,0.000,0.000,0.000,0.000,0.000,0.000,0.000,0.000,0.000,0.000,0.000,0.000,0.000
Belize,SLM,0.000,0.000,0.000,0.000,0.000,0.000,0.000,0.000,0.000,0.000,0.000,0.000,0.000,0.000,0.000,0.000,0.000,0.000,0.000,0.000,0.000,0.000,0.000,0.000,0.000,0.000,2.257,3.000,3.511,3.990,4.252,4.000,3.239,3.000,1.818,2.000,2.000,2.000
Benin,AFR,0.000,0.000,0.000,4.000,7.000,8.000,8.000,7.000,5.000,4.000,4.000,4.000,5.600,5.800,5.900,3.000,2.000,1.300,1.000,1.000,0.690,0.700,0.800,0.400,0.000,0.000,0.000,0.000,0.000,0.000,0.000,0.000,0.000,0.000,0.000,0.000,0.000,0.000
Bermuda,NAM,0.000,0.000,0.000,0.000,0.000,0.000,0.000,0.000,0.000,0.000,0.000,0.000,0.000,0.000,0.000,0.000,0.000,0.000,0.000,0.000,0.000,0.000,0.000,0.000,0.000,0.000,0.000,0.000,0.000,0.000,0.000,0.000,0.000,0.000,0.000,0.000,0.000,0.000
Bhutan,APAC,0.000,0.000,0.000,0.000,0.000,0.000,0.000,0.000,0.000,0.000,0.000,0.000,0.000,0.000,0.000,0.000,0.000,0.000,0.000,0.000,0.000,0.000,0.000,0.000,0.000,0.000,0.000,0.000,0.000,0.000,0.000,0.000,0.000,0.000,0.000,0.000,0.000,0.000
Bolivia,SLM,27.000,22.000,24.000,22.000,21.000,20.000,18.000,19.000,19.000,20.000,21.000,21.000,21.000,22.000,23.000,28.000,30.000,29.000,35.000,32.000,29.923,34.337,32.164,29.332,47.635,50.734,48.896,49.181,38.877,33.780,34.542,35.515,41.581,47.492,51.099,55.605,59.328,59.326
Bosnia and Herzegovina,EUR,NA,NA,NA,NA,NA,NA,NA,NA,NA,NA,NA,NA,0.000,0.000,0.000,0.000,0.000,0.000,0.000,0.000,0.000,0.000,0.000,0.000,0.000,0.000,0.000,0.000,0.000,0.000,0.000,0.000,0.000,0.000,0.000,0.000,0.000,0.000
Botswana,AFR,0.000,0.000,0.000,0.000,0.000,0.000,0.000,0.000,0.000,0.000,0.000,0.000,0.000,0.000,0.000,0.000,0.000,0.000,0.000,0.000,0.000,0.000,0.000,0.000,0.000,0.000,0.000,0.000,0.000,0.000,0.000,0.000,0.000,0.000,0.000,0.000,0.000,0.000
Brazil,SLM,182.000,213.000,260.000,339.000,475.000,564.000,572.000,566.000,554.000,596.000,631.000,630.000,626.000,643.000,671.000,695.000,795.000,841.000,969.000,1132.000,1269.000,1295.146,1455.192,1496.110,1477.369,1633.574,1722.733,1747.996,1812.228,1950.364,2054.668,2105.408,2061.225,2023.875,2254.600,2437.445,2515.459,2621.797
Brunei,APAC,235.000,163.000,154.000,162.000,160.000,153.000,166.000,139.000,137.000,132.000,150.000,161.000,165.000,165.000,167.000,163.000,155.000,160.000,157.000,182.000,193.000,195.225,163.000,169.944,178.173,187.679,199.074,149.699,133.486,128.608,131.085,156.452,145.658,122.142,114.449,115.329,109.117,100.644
Bulgaria,EUR,3.000,3.000,3.000,3.000,4.000,6.000,6.000,6.000,4.400,5.000,4.000,1.200,1.100,1.000,1.100,1.000,0.700,0.600,0.800,0.800,0.851,0.603,0.740,0.600,1.000,1.000,1.000,1.000,1.000,1.000,1.000,1.000,1.000,1.000,1.000,1.000,1.000,1.000
Burkina Faso,AFR,0.000,0.000,0.000,0.000,0.000,0.000,0.000,0.000,0.000,0.000,0.000,0.000,0.000,0.000,0.000,0.000,0.000,0.000,0.000,0.000,0.000,0.000,0.000,0.000,0.000,0.000,0.000,0.000,0.000,0.000,0.000,0.000,0.000,0.000,0.000,0.000,0.000,0.000
Burma (Myanmar),APAC,30.000,27.000,30.000,30.000,32.000,30.000,24.000,17.000,13.000,15.000,13.000,15.000,14.000,14.000,14.000,9.600,8.000,9.000,11.000,9.500,12.000,10.000,15.000,15.000,20.000,20.000,23.000,21.162,21.353,18.085,20.329,20.000,20.000,20.000,19.575,15.000,15.000,12.000
Burundi,AFR,0.000,0.000,0.000,0.000,0.000,0.000,0.000,0.000,0.000,0.000,0.000,0.000,0.000,0.000,0.000,0.000,0.000,0.000,0.000,0.000,0.000,0.000,0.000,0.000,0.000,0.000,0.000,0.000,0.000,0.000,0.000,0.000,0.000,0.000,0.000,0.000,0.000,0.000
Cambodia,APAC,0.000,0.000,0.000,0.000,0.000,0.000,0.000,0.000,0.000,0.000,0.000,0.000,0.000,0.000,0.000,0.000,0.000,0.000,0.000,0.000,0.000,0.000,0.000,0.000,0.000,0.000,0.000,0.000,0.000,0.000,0.000,0.000,0.000,0.000,0.000,0.000,0.000,0.000
Cameroon,AFR,58.000,87.000,109.000,114.000,135.000,185.000,177.000,174.000,163.000,170.000,161.000,153.000,140.000,127.000,108.000,111.000,108.000,124.000,121.000,100.000,84.822,76.647,69.819,67.000,65.989,82.315,86.403,82.827,81.325,76.904,65.000,61.660,63.000,62.756,75.000,98.000,92.000,80.000
Canada,NAM,1435.000,1285.000,1271.000,1356.000,1438.000,1471.000,1474.000,1535.000,1616.000,1560.000,1553.000,1548.000,1605.000,1679.000,1746.000,1805.000,1837.000,1922.000,1981.000,1907.000,1976.893,2029.173,2170.600,2305.726,2398.421,2368.878,2525.397,2628.125,2579.309,2579.480,2740.756,2900.647,3137.839,3325.129,3613.225,3677.126,3679.046,3999.071
Cape Verde,AFR,0.000,0.000,0.000,0.000,0.000,0.000,0.000,0.000,0.000,0.000,0.000,0.000,0.000,0.000,0.000,0.000,0.000,0.000,0.000,0.000,0.000,0.000,0.000,0.000,0.000,0.000,0.000,0.000,0.000,0.000,0.000,0.000,0.000,0.000,0.000,0.000,0.000,0.000
Cayman Islands,SLM,0.000,0.000,0.000,0.000,0.000,0.000,0.000,0.000,0.000,0.000,0.000,0.000,0.000,0.000,0.000,0.000,0.000,0.000,0.000,0.000,0.000,0.000,0.000,0.000,0.000,0.000,0.000,0.000,0.000,0.000,0.000,0.000,0.000,0.000,0.000,0.000,0.000,0.000
Central African Republic,AFR,0.000,0.000,0.000,0.000,0.000,0.000,0.000,0.000,0.000,0.000,0.000,0.000,0.000,0.000,0.000,0.000,0.000,0.000,0.000,0.000,0.000,0.000,0.000,0.000,0.000,0.000,0.000,0.000,0.000,0.000,0.000,0.000,0.000,0.000,0.000,0.000,0.000,0.000
Chad,AFR,0.000,0.000,0.000,0.000,0.000,0.000,0.000,0.000,0.000,0.000,0.000,0.000,0.000,0.000,0.000,0.000,0.000,0.000,0.000,0.000,0.000,0.000,0.000,36.068,170.587,176.658,157.918,144.203,127.164,119.471,122.521,114.964,104.484,100.000,121.000,123.000,114.000,130.000
Chile,SLM,33.000,41.000,43.000,39.000,38.000,36.000,31.000,30.000,24.000,22.000,20.000,17.000,15.000,14.000,12.000,11.000,9.200,7.400,8.100,7.700,6.762,6.642,6.000,6.000,5.590,4.419,2.992,2.550,3.092,3.684,4.164,4.586,6.082,6.666,6.581,6.260,4.423,3.244
China,APAC,2114.000,2012.000,2045.000,2120.000,2296.000,2505.000,2620.000,2690.000,2730.000,2757.000,2774.000,2835.000,2845.000,2890.000,2939.000,2990.000,3131.000,3200.000,3198.000,3195.000,3248.762,3300.004,3389.652,3408.871,3485.314,3608.622,3672.735,3735.971,3790.182,3795.959,4078.360,4052.056,4074.074,4163.817,4208.255,4277.693,3980.650,3838.047
Colombia,SLM,126.000,125.000,141.000,152.000,168.000,176.000,305.000,385.000,378.000,403.000,440.000,419.000,433.000,456.000,450.000,585.000,623.000,652.000,733.000,816.000,690.577,625.000,576.940,540.733,528.761,525.793,531.038,531.135,588.357,670.646,785.526,914.254,944.219,1003.246,988.008,1003.016,885.951,849.764
Comoros,AFR,0.000,0.000,0.000,0.000,0.000,0.000,0.000,0.000,0.000,0.000,0.000,0.000,0.000,0.000,0.000,0.000,0.000,0.000,0.000,0.000,0.000,0.000,0.000,0.000,0.000,0.000,0.000,0.000,0.000,0.000,0.000,0.000,0.000,0.000,0.000,0.000,0.000,0.000
Congo (Brazzaville),AFR,65.000,83.000,89.000,87.000,121.000,120.000,119.000,123.000,144.000,164.000,165.000,156.000,174.000,181.000,180.000,188.000,201.000,253.000,265.000,270.000,280.000,255.000,249.203,246.849,235.478,228.625,241.644,207.171,233.270,267.860,305.000,290.000,280.000,261.000,262.000,256.000,296.000,345.000
Congo (Kinshasa),AFR,20.000,20.000,23.000,25.000,32.000,33.000,32.000,32.000,30.000,28.000,29.000,28.000,26.000,25.000,26.000,30.000,30.000,28.000,26.000,22.000,26.000,24.000,22.666,22.000,21.085,19.748,20.000,22.156,19.958,22.000,21.000,20.162,20.000,20.000,20.000,20.000,20.000,19.162
Cook Islands,APAC,0.000,0.000,0.000,0.000,0.000,0.000,0.000,0.000,0.000,0.000,0.000,0.000,0.000,0.000,0.000,0.000,0.000,0.000,0.000,0.000,0.000,0.000,0.000,0.000,0.000,0.000,0.000,0.000,0.000,0.000,0.000,0.000,0.000,0.000,0.000,0.000,0.000,0.000
Costa Rica,SLM,0.000,0.000,0.000,0.000,0.000,0.000,0.000,0.000,0.000,0.000,0.000,0.000,0.000,0.000,0.000,0.000,0.000,0.000,0.000,0.000,0.000,0.000,0.000,0.000,0.000,0.000,0.000,0.000,0.000,0.000,0.000,0.000,0.000,0.000,0.000,0.000,0.000,0.000
Cote dIvoire (IvoryCoast),AFR,1.000,7.000,9.000,23.000,27.000,28.000,20.000,18.000,12.000,2.000,2.000,2.000,1.500,0.500,6.800,8.000,16.000,19.000,20.000,15.000,11.497,11.000,12.000,19.000,26.000,39.000,62.000,52.000,59.165,57.817,43.833,39.589,37.915,37.000,36.000,29.000,49.000,54.000
Croatia,EUR,NA,NA,NA,NA,NA,NA,NA,NA,NA,NA,NA,NA,36.000,36.000,39.000,32.000,30.000,29.000,31.000,25.000,24.000,23.000,22.000,22.000,20.249,18.658,16.751,15.094,13.667,15.581,14.584,13.490,11.833,11.997,11.499,12.419,13.582,14.000
Cuba,SLM,5.000,8.000,10.000,12.000,15.000,17.000,18.000,18.000,15.000,15.000,14.000,14.000,16.000,20.000,24.000,26.000,30.000,30.000,31.000,38.000,41.000,50.000,47.296,55.167,57.930,52.269,51.644,50.539,52.246,48.235,53.000,55.000,52.077,50.000,50.000,50.000,49.833,50.000
Cyprus,EUR,0.000,0.000,0.000,0.000,0.000,0.000,0.000,0.000,0.000,0.000,0.000,0.000,0.000,0.000,0.000,0.000,0.000,0.000,0.000,0.000,0.000,0.000,0.000,0.000,0.000,0.000,0.000,0.000,0.000,0.000,0.000,0.000,0.000,0.000,0.000,0.000,0.000,0.000
Czech Republic,EUR,NA,NA,NA,NA,NA,NA,NA,NA,NA,NA,NA,NA,NA,2.100,2.400,3.000,4.200,3.300,3.600,3.900,3.590,3.671,5.345,6.501,6.079,6.167,5.329,5.000,4.915,4.252,3.592,3.085,3.000,3.000,3.000,2.836,2.333,2.000
Denmark,EUR,6.000,15.000,35.000,45.000,46.000,58.000,76.000,97.000,99.000,117.000,121.000,143.000,163.000,174.000,185.000,186.000,208.000,230.000,238.000,300.000,362.934,346.203,370.762,375.047,389.147,377.146,342.005,311.556,286.513,259.981,245.359,221.146,202.246,175.401,165.250,156.317,140.637,137.093
Djibouti,AFR,0.000,0.000,0.000,0.000,0.000,0.000,0.000,0.000,0.000,0.000,0.000,0.000,0.000,0.000,0.000,0.000,0.000,0.000,0.000,0.000,0.000,0.000,0.000,0.000,0.000,0.000,0.000,0.000,0.000,0.000,0.000,0.000,0.000,0.000,0.000,0.000,0.000,0.000
Dominica,SLM,0.000,0.000,0.000,0.000,0.000,0.000,0.000,0.000,0.000,0.000,0.000,0.000,0.000,0.000,0.000,0.000,0.000,0.000,0.000,0.000,0.000,0.000,0.000,0.000,0.000,0.000,0.000,0.000,0.000,0.000,0.000,0.000,0.000,0.000,0.000,0.000,0.000,0.000
Dominican Republic,SLM,0.000,0.000,0.000,0.000,0.000,0.000,0.000,0.000,0.000,0.000,0.000,0.000,0.000,0.000,0.000,0.000,0.000,0.000,0.000,0.000,0.000,0.000,0.000,0.000,0.000,0.000,0.000,0.000,0.000,0.000,0.000,0.000,0.000,0.000,0.000,0.000,0.000,0.000
Ecuador,SLM,204.000,211.000,211.000,237.000,258.000,281.000,293.000,174.000,302.000,279.000,285.000,299.000,321.000,344.000,365.000,392.000,396.000,388.000,375.000,373.000,394.921,412.184,392.529,411.014,528.245,531.976,535.680,511.088,504.728,485.620,486.087,499.513,503.592,526.112,556.358,543.094,548.421,531.323
Egypt,AFR,595.000,598.000,670.000,727.000,822.000,887.000,813.000,896.000,848.000,865.000,873.000,874.000,881.000,890.000,896.000,920.000,922.000,856.000,834.000,852.000,768.330,719.663,715.417,712.673,673.381,623.321,615.970,608.356,633.399,648.712,636.332,637.444,641.623,644.921,645.112,652.014,615.735,588.438
El Salvador,SLM,0.000,0.000,0.000,0.000,0.000,0.000,0.000,0.000,0.000,0.000,0.000,0.000,0.000,0.000,0.000,0.000,0.000,0.000,0.000,0.000,0.000,0.000,0.000,0.000,0.000,0.000,0.000,0.000,0.000,0.000,0.000,0.000,0.000,0.000,0.000,0.000,0.000,0.000
Equatorial Guinea,AFR,0.000,0.000,0.000,0.000,0.000,0.000,0.000,0.000,0.000,0.000,0.000,0.100,1.600,4.500,5.000,5.000,17.000,52.000,83.000,102.000,167.500,181.438,212.562,206.466,365.459,362.534,342.866,345.370,336.834,321.979,297.781,278.388,289.400,269.797,260.000,250.000,227.000,188.274
Eritrea,AFR,NA,NA,NA,NA,NA,NA,NA,NA,NA,NA,NA,NA,NA,NA,0.000,0.000,0.000,0.000,0.000,0.000,0.000,0.000,0.000,0.000,0.000,0.000,0.000,0.000,0.000,0.000,0.000,0.000,0.000,0.000,0.000,0.000,0.000,0.000
Estonia,FSU,NA,NA,NA,NA,NA,NA,NA,NA,NA,NA,NA,NA,0.000,0.000,0.000,0.000,0.000,0.000,0.000,0.000,0.000,0.000,0.000,0.000,0.000,0.000,0.000,0.000,0.000,0.000,0.000,0.000,0.000,0.000,0.000,0.000,0.000,0.000
Ethiopia,AFR,0.000,0.000,0.000,0.000,0.000,0.000,0.000,0.000,0.000,0.000,0.000,0.000,0.000,0.000,0.000,0.000,0.000,0.000,0.000,0.000,0.000,0.000,0.000,0.000,0.000,0.000,0.000,0.000,0.000,0.000,0.000,0.000,0.000,0.000,0.000,0.000,0.000,0.000
Falkland Islands (Islas Malvinas),SLM,0.000,0.000,0.000,0.000,0.000,0.000,0.000,0.000,0.000,0.000,0.000,0.000,0.000,0.000,0.000,0.000,0.000,0.000,0.000,0.000,0.000,0.000,0.000,0.000,0.000,0.000,0.000,0.000,0.000,0.000,0.000,0.000,0.000,0.000,0.000,0.000,0.000,0.000
Faroe Islands,EUR,0.000,0.000,0.000,0.000,0.000,0.000,0.000,0.000,0.000,0.000,0.000,0.000,0.000,0.000,0.000,0.000,0.000,0.000,0.000,0.000,0.000,0.000,0.000,0.000,0.000,0.000,0.000,0.000,0.000,0.000,0.000,0.000,0.000,0.000,0.000,0.000,0.000,0.000
Fiji,APAC,0.000,0.000,0.000,0.000,0.000,0.000,0.000,0.000,0.000,0.000,0.000,0.000,0.000,0.000,0.000,0.000,0.000,0.000,0.000,0.000,0.000,0.000,0.000,0.000,0.000,0.000,0.000,0.000,0.000,0.000,0.000,0.000,0.000,0.000,0.000,0.000,0.000,0.000
Finland,EUR,0.000,0.000,0.000,0.000,0.000,0.000,0.000,0.000,0.000,0.000,0.000,0.000,0.000,0.000,0.000,0.000,0.000,0.000,0.000,0.000,0.000,0.000,0.000,0.000,0.000,0.000,0.000,0.000,0.000,0.000,0.000,0.000,0.000,0.000,0.000,0.000,0.000,0.000
Former Czechoslovakia,EUR,2.000,2.000,2.000,2.000,2.000,2.000,3.000,3.000,3.000,3.000,2.300,2.700,2.200,NA,NA,NA,NA,NA,NA,NA,NA,NA,NA,NA,NA,NA,NA,NA,NA,NA,NA,NA,NA,NA,NA,NA,NA,NA
Former Serbia and Montenegro,EUR,NA,NA,NA,NA,NA,NA,NA,NA,NA,NA,NA,NA,23.000,23.000,24.000,22.000,22.000,20.000,18.000,18.000,16.000,15.000,14.000,13.500,13.000,12.162,NA,NA,NA,NA,NA,NA,NA,NA,NA,NA,NA,NA
Former U.S.S.R.,FSU,11706.000,11850.000,11912.000,11972.000,11861.000,11585.000,11895.000,12050.000,12053.000,11715.000,10975.000,9992.000,NA,NA,NA,NA,NA,NA,NA,NA,NA,NA,NA,NA,NA,NA,NA,NA,NA,NA,NA,NA,NA,NA,NA,NA,NA,NA
Former Yugoslavia,EUR,86.000,86.000,87.000,83.000,80.000,86.000,84.000,79.000,75.000,70.000,64.000,60.000,NA,NA,NA,NA,NA,NA,NA,NA,NA,NA,NA,NA,NA,NA,NA,NA,NA,NA,NA,NA,NA,NA,NA,NA,NA,NA
France,EUR,26.000,34.000,34.000,35.000,35.000,50.000,60.000,65.000,67.000,65.000,61.000,59.000,58.000,55.000,56.000,50.000,43.000,36.000,34.000,30.000,29.000,27.915,26.918,24.077,23.331,21.337,21.499,19.836,19.500,18.151,18.085,17.830,16.251,16.003,15.337,16.671,16.418,15.167
French Guiana,SLM,0.000,0.000,0.000,0.000,0.000,0.000,0.000,0.000,0.000,0.000,0.000,0.000,0.000,0.000,0.000,0.000,0.000,0.000,0.000,0.000,0.000,0.000,0.000,0.000,0.000,0.000,0.000,0.000,0.000,0.000,0.000,0.000,0.000,0.000,0.000,0.000,0.000,0.000
French Polynesia,APAC,0.000,0.000,0.000,0.000,0.000,0.000,0.000,0.000,0.000,0.000,0.000,0.000,0.000,0.000,0.000,0.000,0.000,0.000,0.000,0.000,0.000,0.000,0.000,0.000,0.000,0.000,0.000,0.000,0.000,0.000,0.000,0.000,0.000,0.000,0.000,0.000,0.000,0.000
Gabon,AFR,175.000,151.000,156.000,157.000,157.000,172.000,166.000,155.000,159.000,208.000,270.000,294.000,298.000,313.000,329.000,365.000,368.000,370.000,352.000,331.000,315.000,270.000,251.200,241.416,239.052,266.317,237.220,244.221,248.137,242.129,245.877,241.353,230.000,220.000,220.000,213.329,210.820,198.849
Gambia_ The,AFR,0.000,0.000,0.000,0.000,0.000,0.000,0.000,0.000,0.000,0.000,0.000,0.000,0.000,0.000,0.000,0.000,0.000,0.000,0.000,0.000,0.000,0.000,0.000,0.000,0.000,0.000,0.000,0.000,0.000,0.000,0.000,0.000,0.000,0.000,0.000,0.000,0.000,0.000
Georgia,FSU,NA,NA,NA,NA,NA,NA,NA,NA,NA,NA,NA,NA,2.900,2.000,1.800,1.000,1.200,2.700,2.200,2.200,2.000,2.000,1.480,2.800,2.000,2.000,1.000,1.000,1.000,1.000,1.000,1.000,1.000,1.000,1.000,0.799,0.400,0.400
Germany,EUR,NA,NA,NA,NA,NA,NA,NA,NA,NA,NA,NA,71.000,63.000,61.000,58.000,59.000,60.000,56.000,59.000,55.000,63.818,64.863,68.863,72.299,67.901,66.926,67.553,66.318,60.000,55.000,49.000,51.000,51.000,51.564,48.088,48.063,46.587,43.255
Germany (Offshore),EUR,NA,NA,NA,NA,NA,NA,NA,NA,NA,NA,NA,NA,NA,NA,NA,NA,NA,NA,NA,NA,NA,NA,NA,NA,NA,NA,NA,NA,NA,NA,NA,NA,NA,NA,NA,NA,NA,NA
Germany_ East,EUR,1.000,1.000,1.000,1.000,1.000,1.000,1.000,1.000,0.800,0.900,0.800,NA,NA,NA,NA,NA,NA,NA,NA,NA,NA,NA,NA,NA,NA,NA,NA,NA,NA,NA,NA,NA,NA,NA,NA,NA,NA,NA
Germany_ West,EUR,92.000,89.000,84.000,81.000,79.000,81.000,80.000,74.000,78.000,75.000,71.000,NA,NA,NA,NA,NA,NA,NA,NA,NA,NA,NA,NA,NA,NA,NA,NA,NA,NA,NA,NA,NA,NA,NA,NA,NA,NA,NA
Ghana,AFR,2.000,2.000,2.000,2.000,2.000,1.000,0.300,0.000,0.000,0.000,0.000,0.000,1.100,1.600,1.400,4.000,6.000,5.000,5.000,6.000,7.000,7.000,7.000,7.000,7.000,6.000,6.000,6.000,6.000,6.000,7.189,76.512,78.355,97.912,105.019,102.356,98.361,150.978
Gibraltar,EUR,0.000,0.000,0.000,0.000,0.000,0.000,0.000,0.000,0.000,0.000,0.000,0.000,0.000,0.000,0.000,0.000,0.000,0.000,0.000,0.000,0.000,0.000,0.000,0.000,0.000,0.000,0.000,0.000,0.000,0.000,0.000,0.000,0.000,0.000,0.000,0.000,0.000,0.000
Greece,EUR,0.000,8.000,21.000,24.000,26.000,25.000,25.000,24.000,21.000,17.000,15.000,16.000,13.000,11.000,10.000,9.000,8.000,9.100,6.500,0.300,4.749,4.992,3.162,2.830,2.836,2.668,1.838,1.247,1.000,1.168,2.334,1.751,1.669,1.247,1.162,1.077,3.172,2.753
Greenland,NAM,0.000,0.000,0.000,0.000,0.000,0.000,0.000,0.000,0.000,0.000,0.000,0.000,0.000,0.000,0.000,0.000,0.000,0.000,0.000,0.000,0.000,0.000,0.000,0.000,0.000,0.000,0.000,0.000,0.000,0.000,0.000,0.000,0.000,0.000,0.000,0.000,0.000,0.000
Grenada,SLM,0.000,0.000,0.000,0.000,0.000,0.000,0.000,0.000,0.000,0.000,0.000,0.000,0.000,0.000,0.000,0.000,0.000,0.000,0.000,0.000,0.000,0.000,0.000,0.000,0.000,0.000,0.000,0.000,0.000,0.000,0.000,0.000,0.000,0.000,0.000,0.000,0.000,0.000
Guadeloupe,SLM,0.000,0.000,0.000,0.000,0.000,0.000,0.000,0.000,0.000,0.000,0.000,0.000,0.000,0.000,0.000,0.000,0.000,0.000,0.000,0.000,0.000,0.000,0.000,0.000,0.000,0.000,0.000,0.000,0.000,0.000,0.000,0.000,0.000,0.000,0.000,0.000,0.000,0.000
Guam,APAC,0.000,0.000,0.000,0.000,0.000,0.000,0.000,0.000,0.000,0.000,0.000,0.000,0.000,0.000,0.000,0.000,0.000,0.000,0.000,0.000,0.000,0.000,0.000,0.000,0.000,0.000,0.000,0.000,0.000,0.000,0.000,0.000,0.000,0.000,0.000,0.000,0.000,0.000
Guatemala,SLM,5.000,5.000,6.000,7.000,5.000,3.000,5.000,4.000,3.000,4.000,4.000,4.400,4.800,7.000,8.300,9.500,13.000,16.000,24.000,23.000,20.680,21.080,17.995,21.995,19.811,17.153,20.145,15.818,15.525,13.510,11.953,10.945,10.565,9.987,10.052,10.039,8.977,9.666
Guinea,AFR,0.000,0.000,0.000,0.000,0.000,0.000,0.000,0.000,0.000,0.000,0.000,0.000,0.000,0.000,0.000,0.000,0.000,0.000,0.000,0.000,0.000,0.000,0.000,0.000,0.000,0.000,0.000,0.000,0.000,0.000,0.000,0.000,0.000,0.000,0.000,0.000,0.000,0.000
Guinea-Bissau,AFR,0.000,0.000,0.000,0.000,0.000,0.000,0.000,0.000,0.000,0.000,0.000,0.000,0.000,0.000,0.000,0.000,0.000,0.000,0.000,0.000,0.000,0.000,0.000,0.000,0.000,0.000,0.000,0.000,0.000,0.000,0.000,0.000,0.000,0.000,0.000,0.000,0.000,0.000
Guyana,SLM,0.000,0.000,0.000,0.000,0.000,0.000,0.000,0.000,0.000,0.000,0.000,0.000,0.000,0.000,0.000,0.000,0.000,0.000,0.000,0.000,0.000,0.000,0.000,0.000,0.000,0.000,0.000,0.000,0.000,0.000,0.000,0.000,0.000,0.000,0.000,0.000,0.000,0.000
Haiti,SLM,0.000,0.000,0.000,0.000,0.000,0.000,0.000,0.000,0.000,0.000,0.000,0.000,0.000,0.000,0.000,0.000,0.000,0.000,0.000,0.000,0.000,0.000,0.000,0.000,0.000,0.000,0.000,0.000,0.000,0.000,0.000,0.000,0.000,0.000,0.000,0.000,0.000,0.000
Hawaiian Trade Zone,APAC,0.000,0.000,0.000,0.000,0.000,0.000,0.000,NA,NA,NA,NA,NA,NA,NA,NA,NA,NA,NA,NA,NA,NA,NA,NA,NA,NA,NA,NA,NA,NA,NA,NA,NA,NA,NA,NA,NA,NA,NA
Honduras,SLM,0.000,0.000,0.000,0.000,0.000,0.000,0.000,0.000,0.000,0.000,0.000,0.000,0.000,0.000,0.000,0.000,0.000,0.000,0.000,0.000,0.000,0.000,0.000,0.000,0.000,0.000,0.000,0.000,0.000,0.000,0.000,0.000,0.000,0.000,0.000,0.000,0.000,0.000
Hong Kong,APAC,0.000,0.000,0.000,0.000,0.000,0.000,0.000,0.000,0.000,0.000,0.000,0.000,0.000,0.000,0.000,0.000,0.000,0.000,0.000,0.000,0.000,0.000,0.000,0.000,0.000,0.000,0.000,0.000,0.000,0.000,0.000,0.000,0.000,0.000,0.000,0.000,0.000,0.000
Hungary,EUR,38.000,38.000,41.000,40.000,40.000,37.000,37.000,35.000,39.000,36.000,40.000,34.000,33.000,34.000,39.000,35.000,32.000,35.000,26.000,24.000,26.995,27.189,24.074,25.000,23.680,19.167,17.825,16.323,15.921,15.915,14.408,12.992,12.913,12.000,11.496,12.000,13.833,14.003
Iceland,EUR,0.000,0.000,0.000,0.000,0.000,0.000,0.000,0.000,0.000,0.000,0.000,0.000,0.000,0.000,0.000,0.000,0.000,0.000,0.000,0.000,0.000,0.000,0.000,0.000,0.000,0.000,0.000,0.000,0.000,0.000,0.000,0.000,0.000,0.000,0.000,0.000,0.000,0.000
India,APAC,182.000,325.000,390.000,480.000,519.000,620.000,630.000,609.000,635.000,700.000,660.000,615.000,561.000,534.000,590.000,703.000,651.000,675.000,661.000,653.000,646.342,642.397,664.753,660.027,683.109,664.658,691.216,697.531,693.713,680.433,751.300,782.341,779.155,772.076,767.498,761.044,734.503,733.877
Indonesia,APAC,1577.000,1605.000,1339.000,1343.000,1412.000,1325.000,1390.000,1343.000,1342.000,1409.000,1462.000,1592.000,1504.000,1511.000,1510.000,1503.000,1547.000,1520.000,1518.000,1472.000,1428.380,1340.000,1249.027,1155.370,1095.639,1058.905,1005.909,953.914,976.724,948.804,944.886,902.054,859.742,828.238,789.000,785.762,831.620,801.236
Iran,MEA,1662.000,1380.000,2214.000,2440.000,2174.000,2250.000,2035.000,2298.000,2240.000,2810.000,3088.000,3312.000,3429.000,3540.000,3618.000,3643.000,3686.000,3664.000,3634.000,3557.000,3696.300,3723.701,3444.301,3742.795,4001.434,4138.575,4027.808,3911.890,4050.273,4037.038,4080.419,4054.000,3386.850,3113.299,3239.068,3300.000,4067.678,4446.384
Iraq,MEA,2514.000,1000.000,1012.000,1005.000,1209.000,1433.000,1690.000,2079.000,2685.000,2897.000,2040.000,305.000,425.000,512.000,553.000,560.000,579.000,1155.000,2150.000,2508.000,2570.683,2390.000,2023.000,1308.247,2011.470,1877.658,1995.603,2086.292,2375.266,2390.592,2399.303,2625.685,2983.333,3054.384,3368.041,4054.041,4451.516,4466.942
Ireland,EUR,0.000,0.000,0.000,0.000,0.000,0.000,0.000,0.000,0.000,0.000,0.000,0.000,0.000,0.000,0.000,0.000,0.000,0.000,0.000,0.000,0.000,0.000,0.000,0.000,0.000,0.000,0.000,0.000,0.000,0.000,0.000,0.000,0.000,0.000,0.000,0.000,0.000,0.000
Israel,MEA,35.000,36.000,1.000,1.000,1.000,1.000,1.000,0.300,0.400,0.300,0.200,0.200,0.200,0.200,0.100,0.100,0.200,0.300,0.200,0.200,0.080,0.080,0.100,0.060,0.075,0.100,0.100,0.100,0.100,0.100,0.100,0.390,0.390,0.390,0.390,0.390,0.390,0.390
Italy,EUR,38.000,37.000,35.000,45.000,45.000,45.000,49.000,67.000,90.000,82.000,87.000,80.000,83.000,83.000,86.000,93.000,101.000,112.000,107.000,82.000,90.000,78.460,85.362,95.849,104.167,114.608,110.342,107.937,99.451,82.781,96.005,99.178,100.967,101.775,106.288,100.211,70.675,77.526
Jamaica,SLM,0.000,0.000,0.000,0.000,0.000,0.000,0.000,0.000,0.000,0.000,0.000,0.000,0.000,0.000,0.000,0.000,0.000,0.000,0.000,0.000,0.000,0.000,0.000,0.000,0.000,0.000,0.000,0.000,0.000,0.000,0.000,0.000,0.000,0.000,0.000,0.000,0.000,0.000
Japan,APAC,10.000,7.000,9.000,9.000,8.000,11.000,13.000,12.000,12.000,11.000,11.000,15.000,17.000,12.000,11.000,11.000,12.000,9.900,9.000,7.900,7.000,6.334,5.332,5.000,6.000,6.581,6.000,5.666,6.000,5.329,4.995,5.000,5.000,4.666,4.751,4.247,3.918,3.841
Jordan,MEA,0.000,0.000,0.000,0.000,0.000,0.000,1.000,0.500,0.500,0.200,0.300,0.300,0.050,0.031,0.025,0.030,0.031,0.040,0.031,0.040,0.040,0.040,0.020,0.020,0.020,0.020,0.020,0.020,0.020,0.020,0.020,0.018,0.022,0.022,0.022,0.022,0.022,0.022
Kazakhstan,FSU,NA,NA,NA,NA,NA,NA,NA,NA,NA,NA,NA,NA,444.000,408.000,415.000,414.000,457.000,521.000,526.000,604.000,718.000,814.863,939.192,1026.710,1203.249,1288.285,1313.334,1360.425,1345.421,1455.151,1525.199,1552.937,1514.475,1572.899,1632.077,1653.055,1595.199,1776.816
Kenya,AFR,0.000,0.000,0.000,0.000,0.000,0.000,0.000,0.000,0.000,0.000,0.000,0.000,0.000,0.000,0.000,0.000,0.000,0.000,0.000,0.000,0.000,0.000,0.000,0.000,0.000,0.000,0.000,0.000,0.000,0.000,0.000,0.000,0.000,0.000,0.000,0.000,0.000,0.000
Kiribati,APAC,0.000,0.000,0.000,0.000,0.000,0.000,0.000,0.000,0.000,0.000,0.000,0.000,0.000,0.000,0.000,0.000,0.000,0.000,0.000,0.000,0.000,0.000,0.000,0.000,0.000,0.000,0.000,0.000,0.000,0.000,0.000,0.000,0.000,0.000,0.000,0.000,0.000,0.000
Korea_ North,APAC,0.000,0.000,0.000,0.000,0.000,0.000,0.000,0.000,0.000,0.000,0.000,0.000,0.000,0.000,0.000,0.000,0.000,0.000,0.000,0.000,0.000,0.000,0.000,0.000,0.000,0.000,0.000,0.000,0.000,0.000,0.000,0.000,0.000,0.000,0.000,0.000,0.000,0.000
Korea_ South,APAC,0.000,0.000,0.000,0.000,0.000,0.000,0.000,0.000,0.000,0.000,0.000,0.000,0.000,0.000,0.000,0.000,0.000,0.000,0.000,0.000,0.000,0.000,0.000,0.000,0.000,0.000,0.000,0.000,0.000,0.000,0.000,0.000,0.000,0.000,0.000,0.000,0.000,0.000
Kosovo,EUR,NA,NA,NA,NA,NA,NA,NA,NA,NA,NA,NA,NA,NA,NA,NA,NA,NA,NA,NA,NA,NA,NA,NA,NA,NA,NA,NA,NA,NA,NA,NA,NA,NA,NA,NA,NA,NA,NA
Kuwait,MEA,1656.000,1125.000,823.000,1064.000,1157.000,1023.000,1419.000,1585.000,1492.000,1783.000,1175.000,190.000,1058.000,1852.000,2025.000,2057.000,2062.000,2007.000,2085.000,1898.000,2078.500,1997.500,1894.160,2136.000,2375.697,2529.178,2535.342,2464.096,2585.749,2350.000,2300.411,2530.137,2634.945,2650.000,2642.055,2803.671,2923.825,2774.482
Kyrgyzstan,FSU,NA,NA,NA,NA,NA,NA,NA,NA,NA,NA,NA,NA,2.100,1.900,1.500,1.900,1.900,1.700,1.600,1.500,2.000,2.000,1.520,1.380,1.400,2.000,2.000,1.000,1.000,1.000,1.000,1.000,1.000,1.000,1.000,1.000,1.000,1.000
Laos,APAC,0.000,0.000,0.000,0.000,0.000,0.000,0.000,0.000,0.000,0.000,0.000,0.000,0.000,0.000,0.000,0.000,0.000,0.000,0.000,0.000,0.000,0.000,0.000,0.000,0.000,0.000,0.000,0.000,0.000,0.000,0.000,0.000,0.000,0.000,0.000,0.000,0.000,0.000
Latvia,FSU,NA,NA,NA,NA,NA,NA,NA,NA,NA,NA,NA,NA,0.000,0.000,0.000,0.000,0.000,0.000,0.000,0.000,0.000,0.000,0.000,0.000,0.000,0.000,0.000,0.000,0.000,0.000,0.000,0.000,0.000,0.000,0.000,0.000,0.000,0.000
Lebanon,MEA,0.000,0.000,0.000,0.000,0.000,0.000,0.000,0.000,0.000,0.000,0.000,0.000,0.000,0.000,0.000,0.000,0.000,0.000,0.000,0.000,0.000,0.000,0.000,0.000,0.000,0.000,0.000,0.000,0.000,0.000,0.000,0.000,0.000,0.000,0.000,0.000,0.000,0.000
Lesotho,AFR,0.000,0.000,0.000,0.000,0.000,0.000,0.000,0.000,0.000,0.000,0.000,0.000,0.000,0.000,0.000,0.000,0.000,0.000,0.000,0.000,0.000,0.000,0.000,0.000,0.000,0.000,0.000,0.000,0.000,0.000,0.000,0.000,0.000,0.000,0.000,0.000,0.000,0.000
Liberia,AFR,0.000,0.000,0.000,0.000,0.000,0.000,0.000,0.000,0.000,0.000,0.000,0.000,0.000,0.000,0.000,0.000,0.000,0.000,0.000,0.000,0.000,0.000,0.000,0.000,0.000,0.000,0.000,0.000,0.000,0.000,0.000,0.000,0.000,0.000,0.000,0.000,0.000,0.000
Libya,AFR,1787.000,1140.000,1150.000,1105.000,1087.000,1059.000,1034.000,972.000,1175.000,1150.000,1375.000,1483.000,1433.000,1361.000,1378.000,1390.000,1401.000,1446.000,1390.000,1319.000,1410.027,1366.548,1318.521,1420.521,1515.219,1633.110,1681.041,1701.808,1735.833,1650.000,1650.000,465.397,1366.803,918.329,470.836,403.973,384.686,818.068
Lithuania,FSU,NA,NA,NA,NA,NA,NA,NA,NA,NA,NA,NA,NA,0.000,1.600,2.900,3.200,3.000,3.800,5.500,4.600,5.984,9.555,8.840,7.758,6.108,4.386,3.673,3.087,3.000,2.000,2.000,2.000,2.000,2.000,2.000,2.000,2.000,2.000
Luxembourg,EUR,0.000,0.000,0.000,0.000,0.000,0.000,0.000,0.000,0.000,0.000,0.000,0.000,0.000,0.000,0.000,0.000,0.000,0.000,0.000,0.000,0.000,0.000,0.000,0.000,0.000,0.000,0.000,0.000,0.000,0.000,0.000,0.000,0.000,0.000,0.000,0.000,0.000,0.000
Macau,APAC,0.000,0.000,0.000,0.000,0.000,0.000,0.000,0.000,0.000,0.000,0.000,0.000,0.000,0.000,0.000,0.000,0.000,0.000,0.000,0.000,0.000,0.000,0.000,0.000,0.000,0.000,0.000,0.000,0.000,0.000,0.000,0.000,0.000,0.000,0.000,0.000,0.000,0.000
Macedonia,EUR,NA,NA,NA,NA,NA,NA,NA,NA,NA,NA,NA,NA,0.000,0.000,0.000,0.000,0.000,0.000,0.000,0.000,0.000,0.000,0.000,0.000,0.000,0.000,0.000,0.000,0.000,0.000,0.000,0.000,0.000,0.000,0.000,0.000,0.000,0.000
Madagascar,AFR,0.000,0.000,0.000,0.000,0.000,0.000,0.000,0.000,0.000,0.000,0.000,0.000,0.000,0.000,0.000,0.000,0.000,0.000,0.000,0.000,0.000,0.000,0.000,0.000,0.000,0.000,0.000,0.000,0.000,0.000,0.000,0.000,0.000,0.000,0.000,0.000,0.000,0.000
Malawi,AFR,0.000,0.000,0.000,0.000,0.000,0.000,0.000,0.000,0.000,0.000,0.000,0.000,0.000,0.000,0.000,0.000,0.000,0.000,0.000,0.000,0.000,0.000,0.000,0.000,0.000,0.000,0.000,0.000,0.000,0.000,0.000,0.000,0.000,0.000,0.000,0.000,0.000,0.000
Malaysia,APAC,283.000,264.000,306.000,365.000,440.000,440.000,504.000,497.000,540.000,585.000,619.000,646.000,653.000,640.000,645.000,682.000,695.000,700.000,720.000,693.000,690.027,659.205,698.460,737.857,763.475,726.444,691.808,682.482,687.964,658.704,638.260,569.934,585.560,575.795,602.975,654.178,666.934,647.915
Maldives,APAC,0.000,0.000,0.000,0.000,0.000,0.000,0.000,0.000,0.000,0.000,0.000,0.000,0.000,0.000,0.000,0.000,0.000,0.000,0.000,0.000,0.000,0.000,0.000,0.000,0.000,0.000,0.000,0.000,0.000,0.000,0.000,0.000,0.000,0.000,0.000,0.000,0.000,0.000
Mali,AFR,0.000,0.000,0.000,0.000,0.000,0.000,0.000,0.000,0.000,0.000,0.000,0.000,0.000,0.000,0.000,0.000,0.000,0.000,0.000,0.000,0.000,0.000,0.000,0.000,0.000,0.000,0.000,0.000,0.000,0.000,0.000,0.000,0.000,0.000,0.000,0.000,0.000,0.000
Malta,EUR,0.000,0.000,0.000,0.000,0.000,0.000,0.000,0.000,0.000,0.000,0.000,0.000,0.000,0.000,0.000,0.000,0.000,0.000,0.000,0.000,0.000,0.000,0.000,0.000,0.000,0.000,0.000,0.000,0.000,0.000,0.000,0.000,0.000,0.000,0.000,0.000,0.000,0.000
Martinique,SLM,0.000,0.000,0.000,0.000,0.000,0.000,0.000,0.000,0.000,0.000,0.000,0.000,0.000,0.000,0.000,0.000,0.000,0.000,0.000,0.000,0.000,0.000,0.000,0.000,0.000,0.000,0.000,0.000,0.000,0.000,0.000,0.000,0.000,0.000,0.000,0.000,0.000,0.000
Mauritania,AFR,0.000,0.000,0.000,0.000,0.000,0.000,0.000,0.000,0.000,0.000,0.000,0.000,0.000,0.000,0.000,0.000,0.000,0.000,0.000,0.000,0.000,0.000,0.000,0.000,0.000,0.000,30.619,14.992,12.833,11.245,8.232,7.738,6.577,6.750,6.003,5.247,4.836,4.000
Mauritius,AFR,0.000,0.000,0.000,0.000,0.000,0.000,0.000,0.000,0.000,0.000,0.000,0.000,0.000,0.000,0.000,0.000,0.000,0.000,0.000,0.000,0.000,0.000,0.000,0.000,0.000,0.000,0.000,0.000,0.000,0.000,0.000,0.000,0.000,0.000,0.000,0.000,0.000,0.000
Mexico,NAM,1936.000,2313.000,2748.000,2689.000,2780.000,2745.000,2435.000,2548.000,2512.000,2520.000,2553.000,2680.000,2669.000,2673.000,2782.000,2711.000,2944.000,3104.000,3160.000,2998.000,3104.070,3217.982,3262.895,3458.681,3475.825,3423.124,3345.428,3142.953,2838.989,2645.843,2621.139,2599.847,2592.505,2561.858,2468.548,2302.493,2186.874,1981.085
Micronesia,APAC,NA,NA,NA,NA,NA,NA,NA,NA,NA,NA,NA,NA,NA,NA,NA,NA,NA,NA,NA,NA,NA,NA,NA,NA,NA,NA,NA,NA,NA,NA,NA,NA,NA,NA,NA,NA,NA,NA
Moldova,FSU,NA,NA,NA,NA,NA,NA,NA,NA,NA,NA,NA,NA,0.000,0.000,0.000,0.000,0.000,0.000,0.000,0.000,0.000,0.000,0.000,0.000,0.000,0.000,0.000,0.000,0.000,0.000,0.000,0.000,0.000,0.000,0.000,0.000,0.000,0.000
Mongolia,APAC,0.000,0.000,0.000,0.000,0.000,0.000,0.000,0.000,0.000,0.000,0.000,0.000,0.000,0.000,0.000,0.000,0.000,0.000,0.100,0.200,0.179,0.202,0.381,0.501,0.589,0.550,1.032,2.329,3.208,5.123,5.976,6.983,9.935,14.051,20.288,23.177,23.426,20.000
Montenegro,EUR,NA,NA,NA,NA,NA,NA,NA,NA,NA,NA,NA,NA,NA,NA,NA,NA,NA,NA,NA,NA,NA,NA,NA,NA,NA,NA,0.000,0.000,0.000,0.000,0.000,0.000,0.000,0.000,0.000,0.000,0.000,0.000
Montserrat,SLM,0.000,0.000,0.000,0.000,0.000,0.000,0.000,0.000,0.000,0.000,0.000,0.000,0.000,0.000,0.000,0.000,0.000,0.000,0.000,0.000,0.000,0.000,0.000,0.000,0.000,0.000,0.000,0.000,0.000,0.000,0.000,0.000,0.000,0.000,0.000,0.000,0.000,0.000
Morocco,AFR,1.000,1.000,1.000,1.000,1.000,1.000,0.500,0.400,0.400,0.300,0.300,0.300,0.200,0.200,0.200,0.300,0.300,0.080,0.100,0.200,0.300,0.400,0.260,0.200,0.200,0.140,0.200,0.220,0.180,0.160,0.200,0.200,0.140,0.160,0.160,0.160,0.160,0.160
Mozambique,AFR,0.000,0.000,0.000,0.000,0.000,0.000,0.000,0.000,0.000,0.000,0.000,0.000,0.000,0.000,0.000,0.000,0.000,0.000,0.000,0.000,0.000,0.000,0.000,0.000,0.000,0.000,0.000,0.000,0.000,0.000,0.000,0.000,0.000,0.000,0.000,0.000,0.000,0.000
Namibia,AFR,NA,NA,NA,NA,NA,NA,NA,NA,NA,NA,0.000,0.000,0.000,0.000,0.000,0.000,0.000,0.000,0.000,0.000,0.000,0.000,0.000,0.000,0.000,0.000,0.000,0.000,0.000,0.000,0.000,0.000,0.000,0.000,0.000,0.000,0.000,0.000
Nauru,APAC,0.000,0.000,0.000,0.000,0.000,0.000,0.000,0.000,0.000,0.000,0.000,0.000,0.000,0.000,0.000,0.000,0.000,0.000,0.000,0.000,0.000,0.000,0.000,0.000,0.000,0.000,0.000,0.000,0.000,0.000,0.000,0.000,0.000,0.000,0.000,0.000,0.000,0.000
Nepal,APAC,0.000,0.000,0.000,0.000,0.000,0.000,0.000,0.000,0.000,0.000,0.000,0.000,0.000,0.000,0.000,0.000,0.000,0.000,0.000,0.000,0.000,0.000,0.000,0.000,0.000,0.000,0.000,0.000,0.000,0.000,0.000,0.000,0.000,0.000,0.000,0.000,0.000,0.000
Netherlands,EUR,25.000,27.000,38.000,53.000,61.000,76.000,93.000,87.000,77.000,64.000,70.000,74.000,53.000,50.000,78.000,66.000,56.000,53.000,52.000,32.000,28.780,26.203,46.329,46.948,42.639,31.742,26.323,39.904,33.508,25.485,20.000,22.255,20.833,21.986,29.468,27.304,18.087,17.915
Netherlands (Offshore),EUR,NA,NA,NA,NA,NA,NA,NA,NA,NA,NA,NA,NA,NA,NA,NA,NA,NA,NA,NA,NA,NA,NA,NA,NA,NA,NA,NA,NA,NA,NA,NA,NA,NA,NA,NA,NA,NA,NA
Netherlands Antilles,SLM,0.000,0.000,0.000,0.000,0.000,0.000,0.000,0.000,0.000,0.000,0.000,0.000,0.000,0.000,0.000,0.000,0.000,0.000,0.000,0.000,0.000,0.000,0.000,0.000,0.000,0.000,0.000,0.000,0.000,0.000,0.000,0.000,0.000,0.000,0.000,0.000,0.000,0.000
New Caledonia,APAC,0.000,0.000,0.000,0.000,0.000,0.000,0.000,0.000,0.000,0.000,0.000,0.000,0.000,0.000,0.000,0.000,0.000,0.000,0.000,0.000,0.000,0.000,0.000,0.000,0.000,0.000,0.000,0.000,0.000,0.000,0.000,0.000,0.000,0.000,0.000,0.000,0.000,0.000
New Zealand,APAC,7.000,10.000,15.000,15.000,17.000,19.000,29.000,28.000,33.000,38.000,40.000,41.000,38.000,41.000,39.000,32.000,37.000,58.000,47.000,42.000,36.000,33.164,30.389,23.992,19.517,18.978,17.085,41.137,59.986,55.888,53.038,46.323,41.079,35.266,39.266,41.285,34.727,31.485
Nicaragua,SLM,0.000,0.000,0.000,0.000,0.000,0.000,0.000,0.000,0.000,0.000,0.000,0.000,0.000,0.000,0.000,0.000,0.000,0.000,0.000,0.000,0.000,0.000,0.000,0.000,0.000,0.000,0.000,0.000,0.000,0.000,0.000,0.000,0.000,0.000,0.000,0.000,0.000,0.000
Niger,AFR,0.000,0.000,0.000,0.000,0.000,0.000,0.000,0.000,0.000,0.000,0.000,0.000,0.000,0.000,0.000,0.000,0.000,0.000,0.000,0.000,0.000,0.000,0.000,0.000,0.000,0.000,0.000,0.000,0.000,0.000,0.000,6.712,20.000,20.000,20.000,14.000,13.000,11.000
Nigeria,AFR,2055.000,1433.000,1295.000,1241.000,1388.000,1495.000,1467.000,1341.000,1450.000,1716.000,1810.000,1892.000,1943.000,1960.000,1931.000,1993.000,2001.000,2132.000,2153.000,2130.000,2165.000,2256.156,2117.863,2275.000,2328.962,2627.438,2439.863,2349.644,2165.440,2208.311,2408.027,2473.751,2457.109,2307.318,2347.178,2171.162,1871.205,1967.693
Niue,APAC,0.000,0.000,0.000,0.000,0.000,0.000,0.000,0.000,0.000,0.000,0.000,0.000,0.000,0.000,0.000,0.000,0.000,0.000,0.000,0.000,0.000,0.000,0.000,0.000,0.000,0.000,0.000,0.000,0.000,0.000,0.000,0.000,0.000,0.000,0.000,0.000,0.000,0.000
Norway,EUR,486.000,474.000,492.000,615.000,707.000,773.000,841.000,982.000,1113.000,1483.000,1630.000,1871.000,2132.000,2282.000,2570.000,2766.000,3091.000,3142.000,3011.000,3019.000,3221.517,3226.327,3130.584,3042.114,2954.475,2697.942,2490.578,2270.222,2181.956,2067.425,1870.605,1759.521,1611.568,1532.671,1562.184,1610.271,1647.975,1617.666
Oman,MEA,282.000,319.000,324.000,375.000,414.000,498.000,560.000,582.000,617.000,641.000,685.000,700.000,740.000,776.000,810.000,851.000,883.000,904.000,900.000,910.000,970.000,913.000,896.723,819.000,750.959,774.302,737.651,710.359,757.321,812.514,864.588,885.682,918.568,939.922,943.480,981.972,1006.841,970.356
Pakistan,APAC,10.000,10.000,12.000,13.000,17.000,35.000,42.000,42.000,45.000,48.000,62.000,62.000,61.000,60.000,55.000,57.000,55.000,57.000,55.000,53.000,54.421,59.870,64.268,60.000,62.000,65.626,65.666,70.249,63.661,62.414,65.000,66.000,71.000,81.000,94.000,90.214,85.503,89.721
Palestinian Territories,MEA,NA,NA,NA,NA,NA,NA,NA,NA,NA,NA,NA,NA,NA,NA,NA,NA,NA,0.000,0.000,0.000,0.000,0.000,0.000,0.000,0.000,0.000,0.000,0.000,0.000,0.000,0.000,0.000,0.000,0.000,0.000,0.000,0.000,0.000
Panama,SLM,0.000,0.000,0.000,0.000,0.000,0.000,0.000,0.000,0.000,0.000,0.000,0.000,0.000,0.000,0.000,0.000,0.000,0.000,0.000,0.000,0.000,0.000,0.000,0.000,0.000,0.000,0.000,0.000,0.000,0.000,0.000,0.000,0.000,0.000,0.000,0.000,0.000,0.000
Papua New Guinea,APAC,0.000,0.000,0.000,0.000,0.000,0.000,0.000,0.000,0.000,0.000,0.000,0.200,53.000,126.000,110.000,100.000,103.000,80.000,79.000,97.000,70.062,67.500,55.153,50.493,45.579,40.281,48.496,38.463,41.355,39.548,30.795,29.162,27.331,22.962,35.351,52.603,55.992,51.162
Paraguay,SLM,0.000,0.000,0.000,0.000,0.000,0.000,0.000,0.000,0.000,0.000,0.000,0.000,0.000,0.000,0.000,0.000,0.000,0.000,0.000,0.000,0.000,0.000,0.000,0.000,0.000,0.000,0.000,0.000,0.000,0.000,0.000,0.000,0.000,0.000,0.000,0.000,0.000,0.000
Peru,SLM,195.000,193.000,195.000,171.000,184.000,190.000,178.000,164.000,141.000,130.000,129.000,115.000,116.000,126.000,128.000,130.000,120.000,118.000,116.000,106.000,95.588,93.096,92.865,87.350,79.900,75.454,77.573,77.113,76.577,71.032,72.688,69.544,66.655,62.893,69.304,58.008,40.266,43.523
Philippines,APAC,15.000,2.000,8.000,13.000,12.000,9.000,8.000,6.000,6.000,5.000,4.700,3.000,8.000,9.100,6.100,3.400,2.000,1.000,0.800,0.900,1.144,8.460,9.852,13.781,25.000,25.000,25.000,24.622,24.551,35.000,33.000,34.000,30.000,35.000,38.000,24.123,20.000,15.000
Poland,EUR,7.000,7.000,5.000,4.000,4.000,4.000,4.000,3.000,3.000,3.000,2.000,3.000,3.200,4.900,5.000,4.600,5.000,6.000,7.400,9.000,13.008,14.732,13.321,14.636,16.664,15.904,14.986,13.660,14.167,12.405,12.910,12.488,13.402,19.225,19.258,18.416,20.104,20.071
Portugal,EUR,0.000,0.000,0.000,0.000,0.000,0.000,0.000,0.000,0.000,0.000,0.000,0.000,0.000,0.000,0.000,0.000,0.000,0.000,0.000,0.000,0.000,0.000,0.000,0.000,0.000,0.000,0.000,0.000,0.000,0.000,0.000,0.000,0.000,0.000,0.000,0.000,0.000,0.000
Puerto Rico,SLM,0.000,0.000,0.000,0.000,0.000,0.000,0.000,0.000,0.000,0.000,0.000,0.000,0.000,0.000,0.000,0.000,0.000,0.000,0.000,0.000,0.000,0.000,0.000,0.000,0.000,0.000,0.000,0.000,0.000,0.000,0.000,0.000,0.000,0.000,0.000,0.000,0.000,0.000
Qatar,MEA,472.000,405.000,330.000,295.000,394.000,301.000,308.000,293.000,346.000,380.000,406.000,395.000,423.000,413.000,415.000,442.000,510.000,550.000,696.000,665.000,741.724,729.589,709.110,806.603,901.393,977.562,995.644,1082.945,1197.662,1279.078,1458.781,1571.096,1551.404,1553.000,1540.425,1531.805,1522.902,1519.425
Reunion,AFR,0.000,0.000,0.000,0.000,0.000,0.000,0.000,0.000,0.000,0.000,0.000,0.000,0.000,0.000,0.000,0.000,0.000,0.000,0.000,0.000,0.000,0.000,0.000,0.000,0.000,0.000,0.000,0.000,0.000,0.000,0.000,0.000,0.000,0.000,0.000,0.000,0.000,0.000
Romania,EUR,238.000,241.000,242.000,240.000,237.000,220.000,221.000,215.000,193.000,180.000,163.000,140.000,136.000,133.000,138.000,135.000,135.000,134.000,132.000,125.000,120.418,124.000,122.379,116.365,114.249,105.307,96.460,94.419,95.397,91.660,88.139,86.864,84.350,84.992,83.347,82.655,77.910,73.740
Russia,FSU,NA,NA,NA,NA,NA,NA,NA,NA,NA,NA,NA,NA,7632.000,6730.000,6135.000,5995.000,5850.000,5920.000,5854.000,6079.000,6479.202,6917.000,7408.173,8132.199,8804.708,9043.082,9247.205,9437.063,9356.784,9495.365,9694.114,9773.518,9921.609,10053.844,10107.088,10252.855,10551.497,10580.192
Rwanda,AFR,0.000,0.000,0.000,0.000,0.000,0.000,0.000,0.000,0.000,0.000,0.000,0.000,0.000,0.000,0.000,0.000,0.000,0.000,0.000,0.000,0.000,0.000,0.000,0.000,0.000,0.000,0.000,0.000,0.000,0.000,0.000,0.000,0.000,0.000,0.000,0.000,0.000,0.000
Saint Helena,AFR,0.000,0.000,0.000,0.000,0.000,0.000,0.000,0.000,0.000,0.000,0.000,0.000,0.000,0.000,0.000,0.000,0.000,0.000,0.000,0.000,0.000,0.000,0.000,0.000,0.000,0.000,0.000,0.000,0.000,0.000,0.000,0.000,0.000,0.000,0.000,0.000,0.000,0.000
Saint Kitts and Nevis,SLM,0.000,0.000,0.000,0.000,0.000,0.000,0.000,0.000,0.000,0.000,0.000,0.000,0.000,0.000,0.000,0.000,0.000,0.000,0.000,0.000,0.000,0.000,0.000,0.000,0.000,0.000,0.000,0.000,0.000,0.000,0.000,0.000,0.000,0.000,0.000,0.000,0.000,0.000
Saint Lucia,SLM,0.000,0.000,0.000,0.000,0.000,0.000,0.000,0.000,0.000,0.000,0.000,0.000,0.000,0.000,0.000,0.000,0.000,0.000,0.000,0.000,0.000,0.000,0.000,0.000,0.000,0.000,0.000,0.000,0.000,0.000,0.000,0.000,0.000,0.000,0.000,0.000,0.000,0.000
Saint Pierre and Miquelon,NAM,0.000,0.000,0.000,0.000,0.000,0.000,0.000,0.000,0.000,0.000,0.000,0.000,0.000,0.000,0.000,0.000,0.000,0.000,0.000,0.000,0.000,0.000,0.000,0.000,0.000,0.000,0.000,0.000,0.000,0.000,0.000,0.000,0.000,0.000,0.000,0.000,0.000,0.000
Saint Vincent and Grenadines,SLM,0.000,0.000,0.000,0.000,0.000,0.000,0.000,0.000,0.000,0.000,0.000,0.000,0.000,0.000,0.000,0.000,0.000,0.000,0.000,0.000,0.000,0.000,0.000,0.000,0.000,0.000,0.000,0.000,0.000,0.000,0.000,0.000,0.000,0.000,0.000,0.000,0.000,0.000
Samoa,APAC,0.000,0.000,0.000,0.000,0.000,0.000,0.000,0.000,0.000,0.000,0.000,0.000,0.000,0.000,0.000,0.000,0.000,0.000,0.000,0.000,0.000,0.000,0.000,0.000,0.000,0.000,0.000,0.000,0.000,0.000,0.000,0.000,0.000,0.000,0.000,0.000,0.000,0.000
Sao Tome and Principe,AFR,0.000,0.000,0.000,0.000,0.000,0.000,0.000,0.000,0.000,0.000,0.000,0.000,0.000,0.000,0.000,0.000,0.000,0.000,0.000,0.000,0.000,0.000,0.000,0.000,0.000,0.000,0.000,0.000,0.000,0.000,0.000,0.000,0.000,0.000,0.000,0.000,0.000,0.000
Saudi Arabia,MEA,9900.000,9815.000,6483.000,5086.000,4663.000,3388.000,4870.000,4265.000,5086.000,5064.000,6410.000,8115.000,8332.000,8198.000,8120.000,8231.000,8218.000,8362.000,8389.000,7833.000,8403.799,8031.096,7634.396,8775.000,9100.820,9550.137,9152.329,8721.507,9261.251,8250.112,8900.000,9458.356,9832.322,9693.151,9735.342,10168.247,10460.710,10133.753
Senegal,AFR,0.000,0.000,0.000,0.000,0.000,0.000,0.000,0.000,0.000,0.000,0.000,0.000,0.000,0.000,0.000,0.000,0.000,0.000,0.000,0.000,0.000,0.000,0.000,0.000,0.000,0.000,0.000,0.000,0.000,0.000,0.000,0.000,0.000,0.000,0.000,0.000,0.000,0.000
Serbia,EUR,NA,NA,NA,NA,NA,NA,NA,NA,NA,NA,NA,NA,NA,NA,NA,NA,NA,NA,NA,NA,NA,NA,NA,NA,NA,NA,13.000,13.000,13.000,14.000,18.000,16.581,14.997,16.496,16.838,20.329,20.000,19.162
Seychelles,AFR,0.000,0.000,0.000,0.000,0.000,0.000,0.000,0.000,0.000,0.000,0.000,0.000,0.000,0.000,0.000,0.000,0.000,0.000,0.000,0.000,0.000,0.000,0.000,0.000,0.000,0.000,0.000,0.000,0.000,0.000,0.000,0.000,0.000,0.000,0.000,0.000,0.000,0.000
Sierra Leone,AFR,0.000,0.000,0.000,0.000,0.000,0.000,0.000,0.000,0.000,0.000,0.000,0.000,0.000,0.000,0.000,0.000,0.000,0.000,0.000,0.000,0.000,0.000,0.000,0.000,0.000,0.000,0.000,0.000,0.000,0.000,0.000,0.000,0.000,0.000,0.000,0.000,0.000,0.000
Singapore,APAC,0.000,0.000,0.000,0.000,0.000,0.000,0.000,0.000,0.000,0.000,0.000,0.000,0.000,0.000,0.000,0.000,0.000,0.000,0.000,0.000,0.000,0.000,0.000,0.000,0.000,0.000,0.000,0.000,0.000,0.000,0.000,0.000,0.000,0.000,0.000,0.000,0.000,0.000
Slovakia,EUR,NA,NA,NA,NA,NA,NA,NA,NA,NA,NA,NA,NA,NA,1.300,1.300,1.400,1.600,1.500,1.200,0.900,1.000,1.000,1.000,1.255,0.858,0.700,0.620,0.480,0.420,0.200,0.200,0.200,0.200,0.200,0.200,0.200,0.200,0.200
Slovenia,EUR,NA,NA,NA,NA,NA,NA,NA,NA,NA,NA,NA,NA,0.000,0.050,0.040,0.040,0.020,0.026,0.020,0.020,0.020,0.014,0.014,0.010,0.006,0.005,0.005,0.005,0.005,0.005,0.005,0.005,0.005,0.005,0.005,0.005,0.005,0.005
Solomon Islands,APAC,0.000,0.000,0.000,0.000,0.000,0.000,0.000,0.000,0.000,0.000,0.000,0.000,0.000,0.000,0.000,0.000,0.000,0.000,0.000,0.000,0.000,0.000,0.000,0.000,0.000,0.000,0.000,0.000,0.000,0.000,0.000,0.000,0.000,0.000,0.000,0.000,0.000,0.000
Somalia,AFR,0.000,0.000,0.000,0.000,0.000,0.000,0.000,0.000,0.000,0.000,0.000,0.000,0.000,0.000,0.000,0.000,0.000,0.000,0.000,0.000,0.000,0.000,0.000,0.000,0.000,0.000,0.000,0.000,0.000,0.000,0.000,0.000,0.000,0.000,0.000,0.000,0.000,0.000
South Africa,AFR,0.000,0.000,0.000,0.000,0.000,0.000,0.000,0.000,0.000,0.000,0.000,0.000,0.000,0.000,0.000,0.000,0.000,0.000,18.000,25.000,26.000,26.205,19.496,29.641,55.828,34.403,20.156,16.058,14.582,4.000,3.493,4.000,3.913,3.581,3.000,3.000,2.000,2.000
Spain,EUR,33.000,25.000,30.000,58.000,46.000,44.000,38.000,34.000,30.000,21.000,16.000,22.000,22.000,18.000,17.000,13.000,10.000,7.600,11.000,6.100,4.751,7.099,6.410,6.597,5.997,3.093,2.995,2.748,2.667,2.337,2.573,2.167,3.003,7.337,6.249,4.652,2.667,2.252
Sri Lanka,APAC,0.000,0.000,0.000,0.000,0.000,0.000,0.000,0.000,0.000,0.000,0.000,0.000,0.000,0.000,0.000,0.000,0.000,0.000,0.000,0.000,0.000,0.000,0.000,0.000,0.000,0.000,0.000,0.000,0.000,0.000,0.000,0.000,0.000,0.000,0.000,0.000,0.000,0.000
Sudan and South Sudan,AFR,0.000,0.000,0.000,0.000,0.000,0.000,0.000,0.000,0.000,0.000,0.000,0.000,0.300,0.300,0.100,0.200,2.000,5.000,10.000,69.000,186.000,209.132,238.767,269.740,342.514,350.000,378.110,463.773,477.801,483.452,486.203,453.260,92.036,133.805,113.703,108.369,104.872,102.345
Suriname,SLM,0.000,0.000,0.000,0.000,0.000,1.000,2.000,2.000,3.000,4.000,3.900,3.500,5.000,5.000,6.000,7.000,7.500,5.000,7.000,10.000,10.000,10.000,10.000,10.000,10.000,10.000,11.599,13.536,15.842,16.000,16.000,16.000,15.833,15.000,15.000,17.000,17.000,17.000
Swaziland,AFR,0.000,0.000,0.000,0.000,0.000,0.000,0.000,0.000,0.000,0.000,0.000,0.000,0.000,0.000,0.000,0.000,0.000,0.000,0.000,0.000,0.000,0.000,0.000,0.000,0.000,0.000,0.000,0.000,0.000,0.000,0.000,0.000,0.000,0.000,0.000,0.000,0.000,0.000
Sweden,EUR,0.500,0.100,0.300,0.400,0.200,0.100,0.073,0.073,0.054,0.054,0.054,0.036,0.018,0.010,0.081,0.081,0.000,0.000,0.000,0.000,0.000,0.000,0.000,0.000,0.000,0.000,0.000,0.000,0.000,0.000,0.000,0.000,0.000,0.000,0.000,0.000,0.000,0.000
Switzerland,EUR,0.000,0.000,0.000,0.000,0.000,0.000,0.000,0.000,0.000,0.000,0.000,0.000,0.000,0.000,0.000,0.000,0.000,0.000,0.000,0.000,0.000,0.000,0.000,0.000,0.000,0.000,0.000,0.000,0.000,0.000,0.000,0.000,0.000,0.000,0.000,0.000,0.000,0.000
Syria,MEA,164.000,166.000,160.000,167.000,170.000,178.000,194.000,230.000,265.000,340.000,388.000,492.000,481.000,554.000,560.000,575.000,582.000,561.000,553.000,538.000,522.825,483.940,472.227,463.981,446.056,432.038,406.377,380.000,369.299,368.004,383.274,339.636,145.230,58.044,22.660,30.000,28.667,14.000
Taiwan,APAC,5.000,3.000,3.000,3.000,3.000,2.000,2.000,3.000,2.000,2.000,3.000,2.200,2.000,1.100,1.300,1.200,1.200,1.000,0.900,0.800,0.738,0.800,0.880,0.920,0.800,0.558,0.406,0.306,0.277,0.276,0.245,0.195,0.196,0.196,0.196,0.196,0.196,0.196
Tajikistan,FSU,NA,NA,NA,NA,NA,NA,NA,NA,NA,NA,NA,NA,1.100,0.600,0.400,0.500,0.400,0.500,0.400,0.400,0.359,0.326,0.309,0.352,0.250,0.279,0.300,0.278,0.235,0.218,0.215,0.215,0.214,0.206,0.206,0.182,0.180,0.180
Tanzania,AFR,0.000,0.000,0.000,0.000,0.000,0.000,0.000,0.000,0.000,0.000,0.000,0.000,0.000,0.000,0.000,0.000,0.000,0.000,0.000,0.000,0.000,0.000,0.000,0.000,0.000,0.000,0.000,0.000,0.000,0.000,0.000,0.000,0.000,0.000,0.000,0.000,0.000,0.000
Thailand,APAC,0.300,0.300,6.000,11.000,18.000,34.000,35.000,33.000,36.000,40.000,44.000,46.000,51.000,52.000,56.000,51.000,61.000,72.000,75.000,84.000,109.656,113.761,127.162,158.985,154.980,183.377,204.363,213.408,228.828,237.941,241.801,224.128,238.579,240.764,232.975,248.170,257.525,239.668
Timor-Leste (East Timor),APAC,NA,NA,NA,NA,NA,NA,NA,NA,NA,NA,NA,NA,NA,NA,NA,NA,NA,NA,NA,NA,NA,NA,NA,0.000,51.910,94.425,100.986,100.000,100.000,94.792,87.989,83.742,79.495,79.258,74.233,62.060,49.238,40.318
Togo,AFR,0.000,0.000,0.000,0.000,0.000,0.000,0.000,0.000,0.000,0.000,0.000,0.000,0.000,0.000,0.000,0.000,0.000,0.000,0.000,0.000,0.000,0.000,0.000,0.000,0.000,0.000,0.000,0.000,0.000,0.000,0.000,0.000,0.000,0.000,0.000,0.000,0.000,0.000
Tonga,APAC,0.000,0.000,0.000,0.000,0.000,0.000,0.000,0.000,0.000,0.000,0.000,0.000,0.000,0.000,0.000,0.000,0.000,0.000,0.000,0.000,0.000,0.000,0.000,0.000,0.000,0.000,0.000,0.000,0.000,0.000,0.000,0.000,0.000,0.000,0.000,0.000,0.000,0.000
Trinidad and Tobago,SLM,211.000,240.000,180.000,160.000,170.000,175.000,168.000,157.000,157.000,154.000,150.000,151.000,137.000,135.000,132.000,131.000,130.000,124.000,123.000,125.000,122.164,113.353,121.838,134.089,122.902,144.674,142.721,121.154,114.279,106.756,98.182,91.919,81.735,81.157,81.262,78.656,71.568,71.803
Tunisia,AFR,110.000,118.000,120.000,120.000,120.000,114.000,111.000,106.000,103.000,105.000,93.000,104.000,109.000,98.000,92.000,89.000,87.000,84.000,80.000,83.000,78.672,69.577,75.808,75.000,79.762,75.000,76.438,83.303,82.939,78.371,74.931,64.329,63.294,60.148,49.597,36.000,38.000,32.992
Turkey,EUR,46.000,46.000,50.000,44.000,41.000,41.000,46.000,51.000,50.000,56.000,73.000,88.000,84.000,76.000,72.000,67.000,67.000,68.000,65.000,59.000,52.676,48.000,46.674,45.170,42.421,43.671,42.159,41.003,41.585,46.205,48.337,45.737,44.757,46.244,47.671,48.510,49.497,49.173
Turkmenistan,FSU,NA,NA,NA,NA,NA,NA,NA,NA,NA,NA,NA,NA,98.000,79.000,77.000,70.000,76.000,89.000,110.000,139.000,141.600,155.000,179.569,187.364,201.079,183.260,161.455,163.590,170.257,176.263,178.188,196.737,215.470,228.479,239.211,243.068,230.779,245.000
Turks and Caicos Islands,SLM,0.000,0.000,0.000,0.000,0.000,0.000,0.000,0.000,0.000,0.000,0.000,0.000,0.000,0.000,0.000,0.000,0.000,0.000,0.000,0.000,0.000,0.000,0.000,0.000,0.000,0.000,0.000,0.000,0.000,0.000,0.000,0.000,0.000,0.000,0.000,0.000,0.000,0.000
Tuvalu,APAC,NA,NA,NA,NA,NA,NA,NA,NA,NA,NA,NA,NA,NA,NA,NA,NA,NA,NA,NA,NA,NA,NA,NA,NA,NA,NA,NA,NA,NA,NA,NA,NA,NA,NA,NA,NA,NA,NA
U.S. Pacific Islands,APAC,0.000,0.000,0.000,0.000,0.000,0.000,0.000,0.000,0.000,0.000,0.000,0.000,0.000,0.000,0.000,0.000,0.000,0.000,0.000,0.000,0.000,0.000,0.000,0.000,0.000,0.000,0.000,0.000,0.000,0.000,0.000,0.000,0.000,0.000,0.000,0.000,0.000,0.000
Uganda,AFR,0.000,0.000,0.000,0.000,0.000,0.000,0.000,0.000,0.000,0.000,0.000,0.000,0.000,0.000,0.000,0.000,0.000,0.000,0.000,0.000,0.000,0.000,0.000,0.000,0.000,0.000,0.000,0.000,0.000,0.000,0.000,0.000,0.000,0.000,0.000,0.000,0.000,0.000
Ukraine,FSU,NA,NA,NA,NA,NA,NA,NA,NA,NA,NA,NA,NA,72.000,66.000,63.000,60.000,59.000,57.000,54.000,53.000,52.000,52.000,52.000,56.000,60.000,63.000,67.000,66.000,61.461,57.738,51.101,48.287,45.629,43.212,40.493,35.912,32.071,29.655
United Arab Emirates,MEA,1709.000,1474.000,1250.000,1149.000,1146.000,1193.000,1330.000,1541.000,1565.000,1860.000,2117.000,2386.000,2266.000,2159.000,2193.000,2233.000,2278.000,2316.000,2345.000,2169.000,2367.828,2205.000,2081.995,2348.137,2478.262,2535.425,2635.699,2602.589,2681.023,2412.552,2414.656,2679.178,2803.607,2820.000,2894.192,3019.452,3106.077,3037.436
United Kingdom,EUR,1622.000,1811.000,2065.000,2291.000,2480.000,2530.000,2539.000,2406.000,2232.000,1802.000,1820.000,1797.000,1825.000,1915.000,2375.000,2489.000,2568.000,2518.000,2616.000,2684.000,2275.050,2282.326,2291.726,2093.176,1845.334,1648.543,1490.196,1497.971,1391.371,1327.787,1233.187,1026.430,888.092,801.291,787.219,893.260,933.023,910.523
United Kingdom (Offshore),NAM,NA,NA,NA,NA,NA,NA,NA,NA,NA,NA,NA,NA,NA,NA,NA,NA,NA,NA,NA,NA,NA,NA,NA,NA,NA,NA,NA,NA,NA,NA,NA,NA,NA,NA,NA,NA,NA,NA
United States,NAM,8597.000,8572.000,8649.000,8688.000,8879.000,8971.000,8680.000,8349.000,8140.000,7613.000,7355.000,7417.000,7171.000,6847.000,6662.000,6560.000,6465.000,6452.000,6252.000,5881.000,5821.601,5801.403,5744.077,5649.238,5440.915,5183.712,5085.866,5073.899,4997.634,5348.592,5475.186,5642.844,6496.617,7466.219,8753.197,9408.271,8856.809,9320.994
Uruguay,SLM,0.000,0.000,0.000,0.000,0.000,0.000,0.000,0.000,0.000,0.000,0.000,0.000,0.000,0.000,0.000,0.000,0.000,0.000,0.000,0.000,0.000,0.000,0.000,0.000,0.000,0.000,0.000,0.000,0.000,0.000,0.000,0.000,0.000,0.000,0.000,0.000,0.000,0.000
Uzbekistan,FSU,NA,NA,NA,NA,NA,NA,NA,NA,NA,NA,NA,NA,36.000,47.000,75.000,115.000,115.000,112.000,116.000,102.000,91.339,85.000,79.433,90.041,81.000,67.529,58.838,65.000,62.077,43.453,52.871,58.581,66.262,70.000,64.381,60.132,52.913,46.068
Vanuatu,APAC,0.000,0.000,0.000,0.000,0.000,0.000,0.000,0.000,0.000,0.000,0.000,0.000,0.000,0.000,0.000,0.000,0.000,0.000,0.000,0.000,0.000,0.000,0.000,0.000,0.000,0.000,0.000,0.000,0.000,0.000,0.000,0.000,0.000,0.000,0.000,0.000,0.000,0.000
Venezuela,SLM,2168.000,2102.000,1895.000,1801.000,1798.000,1677.000,1787.000,1752.000,1903.000,1907.000,2137.000,2375.000,2371.000,2450.000,2588.000,2750.000,2938.000,3280.000,3167.000,2826.000,3155.000,3010.000,2603.945,2335.192,2556.940,2564.658,2510.548,2490.301,2510.000,2520.000,2410.000,2500.000,2500.000,2500.000,2500.000,2500.000,2276.967,2007.301
Vietnam,APAC,0.000,0.000,0.000,0.000,0.000,0.000,0.800,5.000,15.000,32.000,50.000,80.000,106.000,120.000,141.000,173.000,175.000,191.000,246.000,290.000,316.000,356.745,339.595,352.507,403.287,358.000,352.995,313.121,301.746,331.082,299.093,302.129,331.046,332.077,306.827,333.441,301.850,271.353
Virgin Islands_  U.S.,SLM,0.000,0.000,0.000,0.000,0.000,0.000,0.000,0.000,0.000,0.000,0.000,0.000,0.000,0.000,0.000,0.000,0.000,0.000,0.000,0.000,0.000,0.000,0.000,0.000,0.000,0.000,0.000,0.000,0.000,0.000,0.000,0.000,0.000,0.000,0.000,0.000,0.000,0.000
Virgin Islands_ British,SLM,0.000,0.000,0.000,0.000,0.000,0.000,0.000,0.000,0.000,0.000,0.000,0.000,0.000,0.000,0.000,0.000,0.000,0.000,0.000,0.000,0.000,0.000,0.000,0.000,0.000,0.000,0.000,0.000,0.000,0.000,0.000,0.000,0.000,0.000,0.000,0.000,0.000,0.000
Wake Island,APAC,0.000,0.000,0.000,0.000,0.000,0.000,0.000,0.000,0.000,0.000,0.000,0.000,0.000,0.000,0.000,0.000,0.000,0.000,0.000,0.000,0.000,0.000,0.000,0.000,0.000,0.000,0.000,0.000,0.000,0.000,0.000,0.000,0.000,0.000,0.000,0.000,0.000,0.000
Western Sahara,AFR,0.000,0.000,0.000,0.000,0.000,0.000,0.000,0.000,0.000,0.000,0.000,0.000,0.000,0.000,0.000,0.000,0.000,0.000,0.000,0.000,0.000,0.000,0.000,0.000,0.000,0.000,0.000,0.000,0.000,0.000,0.000,0.000,0.000,0.000,0.000,0.000,0.000,0.000
Yemen,MEA,0.000,0.000,0.000,0.000,0.000,0.000,10.000,20.000,173.000,194.000,193.000,197.000,182.000,220.000,335.000,345.000,340.000,362.000,388.000,409.000,437.756,440.872,439.354,429.395,404.381,400.146,374.907,318.692,298.329,285.157,279.997,216.389,168.727,130.699,125.008,47.600,21.667,12.260
Zambia,AFR,0.000,0.000,0.000,0.000,0.000,0.000,0.000,0.000,0.000,0.000,0.000,0.000,0.000,0.000,0.000,0.000,0.000,0.000,0.000,0.000,0.000,0.000,0.000,0.000,0.000,0.000,0.000,0.000,0.000,0.000,0.000,0.000,0.000,0.000,0.000,0.000,0.000,0.000
Zimbabwe,AFR,0.000,0.000,0.000,0.000,0.000,0.000,0.000,0.000,0.000,0.000,0.000,0.000,0.000,0.000,0.000,0.000,0.000,0.000,0.000,0.000,0.000,0.000,0.000,0.000,0.000,0.000,0.000,0.000,0.000,0.000,0.000,0.000,0.000,0.000,0.000,0.000,0.000,0.000
